PaymentSystem|CardNumber|ExpiryDate|CCV|FirstName|FamilyName
Visa|9988776655443322|09/2023|321|Robert|Brown
MasterCard|2233445566778899|08/2027|654|Emily|Davis
AmericanExpress|3344556677889900|07/2025|987|Michael|Wilson
AmericanExpress|6677889900112233|04/2026|333|Laura|Thomas
MasterCard|8899001122334455|02/2025|555|Sophia|Jackson
AmericanExpress|9900112233445566|01/2028|666|Daniel|White
MasterCard|8765432187654321|11/2024|456|Jane|Smith
Visa|1234567812345678|12/2025|123|John|Doe
Visa|7788990011223344|03/2027|444|David|Moore
AmericanExpress|1122334455667788|10/2026|789|Alice|Johnson
Visa|4455667788990011|06/2028|111|Sarah|Taylor
MasterCard|5566778899001122|05/2024|222|Chris|Anderson
